id,date,windspeed,temperature,solarflux,humidity,clearingprice
1,01/08/2000 00:30:00,9.61883,60.262,0,0.8,0.14
2,01/08/2000 00:45:00,9.47203,60.1664,0,0.80156,0.22
3,01/08/2000 01:00:00,9.31125,60.0145,0,0.80375,0.14
4,01/08/2000 01:15:00,9.13649,59.8064,0,0.80656,0.14
5,01/08/2000 01:30:00,8.94775,59.542,0,0.81,0.14
6,01/08/2000 01:45:00,8.68211,59.1201,0,0.81406,0.14
7,01/08/2000 02:00:00,8.44443,58.7095,0,0.81875,0.14
8,01/08/2000 02:15:00,8.23472,58.3101,0,0.82406,0.14
9,01/08/2000 02:30:00,8.05297,57.922,0,0.83,0.14
10,01/08/2000 02:45:00,7.9621,57.6126,0,0.83844,0.14
11,01/08/2000 03:00:00,7.85724,57.2695,0,0.84625,0.14
12,01/08/2000 03:15:00,7.7384,56.8926,0,0.85344,0.14
13,01/08/2000 03:30:00,7.60558,56.482,0,0.86,0.14
14,01/08/2000 03:45:00,7.33296,55.7507,0,0.865,0.14
15,01/08/2000 04:00:00,7.13023,55.177,0,0.87,0.14
16,01/08/2000 04:15:00,6.99742,54.7607,0,0.875,0.14
17,01/08/2000 04:30:00,6.9345,54.502,0.2822,0.88,0.14
18,01/08/2000 04:45:00,6.92052,54.4176,0.43954,0.8925,0.14
19,01/08/2000 05:00:00,6.99043,54.4795,1.25758,0.9,0.12
20,01/08/2000 05:15:00,7.14422,54.6876,2.7363,0.9025,0.12
21,01/08/2000 05:30:00,7.38189,55.042,4.87572,0.9,0.12
22,01/08/2000 05:45:00,8.1019,55.6439,8.43015,0.89531,0.12
23,01/08/2000 06:00:00,8.64017,56.3245,12.1424,0.88375,0.12
24,01/08/2000 06:15:00,8.99668,57.0839,16.0124,0.86531,0.12
25,01/08/2000 06:30:00,9.17144,57.922,20.0403,0.84,0.12
26,01/08/2000 06:45:00,8.78697,59.5307,25.9639,0.77875,0.12
27,01/08/2000 07:00:00,8.4724,60.757,30.8866,0.73,0.12
28,01/08/2000 07:15:00,8.22773,61.6007,34.8086,0.69375,0.12
29,01/08/2000 07:30:00,8.05297,62.062,37.7297,0.67,0.12
30,01/08/2000 07:45:00,7.94811,60.7401,36.8126,0.6925,0.12
31,01/08/2000 08:00:00,7.91316,59.9695,36.7863,0.705,0.12
32,01/08/2000 08:15:00,7.94811,59.7501,37.6508,0.7075,0.12
33,01/08/2000 08:30:00,8.05297,60.082,39.4061,0.7,0.12
34,01/08/2000 08:45:00,8.20676,62.5176,47.5089,0.65531,0.12
35,01/08/2000 09:00:00,8.44443,64.4695,52.8647,0.61875,0.12
36,01/08/2000 09:15:00,8.76599,65.9376,55.4736,0.59031,0.12
37,01/08/2000 09:30:00,9.17144,66.922,55.3354,0.57,0.12
38,01/08/2000 09:45:00,10.248,66.7982,45.8918,0.56625,0.12
39,01/08/2000 10:00:00,11.0169,66.607,38.0735,0.565,0.12
40,01/08/2000 10:15:00,11.4783,66.3482,31.8806,0.56625,0.12
41,01/08/2000 10:30:00,11.6321,66.022,27.3131,0.57,0.12
42,01/08/2000 10:45:00,11.1008,65.257,26.5752,0.58563,0.12
43,01/08/2000 11:00:00,10.5136,64.672,25.9932,0.5975,0.12
44,01/08/2000 11:15:00,9.87048,64.267,25.567,0.60563,0.12
45,01/08/2000 11:30:00,9.17144,64.042,25.2967,0.61,0.12
46,01/08/2000 11:45:00,7.59859,63.9632,24.1086,0.61063,0.12
47,01/08/2000 12:00:00,6.51508,64.087,23.7922,0.6075,0.12
48,01/08/2000 12:15:00,5.92089,64.4132,24.3474,0.60063,0.12
49,01/08/2000 12:30:00,5.81603,64.942,25.7742,0.59,0.12
50,01/08/2000 12:45:00,7.2281,66.2807,27.8397,0.56719,0.12
51,01/08/2000 13:00:00,8.44443,67.417,30.9322,0.54625,0.12
52,01/08/2000 13:15:00,9.46504,68.3507,35.0517,0.52719,0.12
53,01/08/2000 13:30:00,10.2899,69.082,40.1983,0.51,0.12
54,01/08/2000 13:45:00,10.8771,69.3914,52.3055,0.49281,0.12
55,01/08/2000 14:00:00,11.2965,69.6445,61.484,0.47875,0.12
56,01/08/2000 14:15:00,11.5482,69.8414,67.7339,0.46781,0.12
57,01/08/2000 14:30:00,11.6321,69.982,71.0552,0.46,0.12
58,01/08/2000 14:45:00,10.4157,70.3532,67.3918,0.44781,0.12
59,01/08/2000 15:00:00,9.7866,70.477,63.5038,0.44375,0.12
60,01/08/2000 15:15:00,9.74465,70.3532,59.3911,0.44781,0.12
61,01/08/2000 15:30:00,10.2899,69.982,55.0537,0.46,0.12
62,01/08/2000 15:45:00,13.5824,68.9076,50.0369,0.50094,0.12
63,01/08/2000 16:00:00,16.0221,67.8895,45.0985,0.53625,0.12
64,01/08/2000 16:15:00,17.6089,66.9276,40.2387,0.56594,0.12
65,01/08/2000 16:30:00,18.3429,66.022,35.4573,0.59,0.12
66,01/08/2000 16:45:00,16.7561,65.0545,30.329,0.6,0.12
67,01/08/2000 17:00:00,15.2951,64.222,25.5629,0.61,0.1308
68,01/08/2000 17:15:00,13.9599,63.5245,21.159,0.62,0.1307
69,01/08/2000 17:30:00,12.7505,62.962,17.1171,0.63,0.14
70,01/08/2000 17:45:00,11.7299,62.8382,13.1373,0.64094,0.14
71,01/08/2000 18:00:00,10.7932,62.647,9.71977,0.65125,0.14
72,01/08/2000 18:15:00,9.94039,62.3882,6.86448,0.66094,0.14
73,01/08/2000 18:30:00,9.17144,62.062,4.57144,0.67,0.14
74,01/08/2000 18:45:00,8.50735,61.3814,3.44711,0.68031,0.14
75,01/08/2000 19:00:00,7.91316,60.8245,2.48074,0.68875,0.14
76,01/08/2000 19:15:00,7.38888,60.3914,1.67235,0.69531,0.14
77,01/08/2000 19:30:00,6.9345,60.082,1.02193,0.7,0.14
78,01/08/2000 19:45:00,6.55003,60.082,0.67064,0.7,0.14
79,01/08/2000 20:00:00,6.23546,60.082,0.38323,0.7,0.14
80,01/08/2000 20:15:00,5.9908,60.082,0.15968,0.7,0.14
81,01/08/2000 20:30:00,5.81603,60.082,0,0.7,0.14
82,01/08/2000 20:45:00,6.04672,60.082,0,0.7,0.14
83,01/08/2000 21:00:00,6.12361,60.082,0,0.7,0.14
84,01/08/2000 21:15:00,6.04672,60.082,0,0.7,0.14
85,01/08/2000 21:30:00,5.81603,60.082,0,0.7,0.14
86,01/08/2000 21:45:00,4.84437,60.1832,0,0.69813,0.14
87,01/08/2000 22:00:00,4.11037,60.217,0,0.6975,0.16
88,01/08/2000 22:15:00,3.61405,60.1832,0,0.69813,0.3
89,01/08/2000 22:30:00,3.3554,60.082,0,0.7,0.3
90,01/08/2000 22:45:00,3.5022,59.8964,0,0.70125,0.3
91,01/08/2000 23:00:00,3.77483,59.6545,0,0.705,0.3
92,01/08/2000 23:15:00,4.17328,59.3564,0,0.71125,0.3
93,01/08/2000 23:30:00,4.69757,59.002,0,0.72,0.3
94,01/08/2000 23:45:00,6.29138,58.507,0,0.73594,0.3
95,02/08/2000 00:00:00,7.38189,58.012,0,0.75125,0.14
96,02/08/2000 00:15:00,7.96909,57.517,0,0.76594,0.14
97,02/08/2000 00:30:00,8.05297,57.022,0,0.78,0.14
98,02/08/2000 00:45:00,6.31235,56.4426,0,0.79063,0.14
99,02/08/2000 01:00:00,4.94922,55.9195,0,0.8025,0.14
100,02/08/2000 01:15:00,3.96357,55.4526,0,0.81563,0.16
101,02/08/2000 01:30:00,3.3554,55.042,0,0.83,0.3
102,02/08/2000 01:45:00,3.71192,54.5695,0,0.85688,0.3
103,02/08/2000 02:00:00,4.05445,54.232,0,0.8775,0.3
104,02/08/2000 02:15:00,4.383,54.0295,0,0.89188,0.3
105,02/08/2000 02:30:00,4.69757,53.962,0,0.9,0.3
106,02/08/2000 02:45:00,4.87233,54.7045,0,0.88406,0.3
107,02/08/2000 03:00:00,5.11699,55.132,0,0.87375,0.3
108,02/08/2000 03:15:00,5.43156,55.2445,0,0.86906,0.16
109,02/08/2000 03:30:00,5.81603,55.042,0,0.87,0.16
110,02/08/2000 03:45:00,6.68984,53.4107,0,0.89719,0.16
111,02/08/2000 04:00:00,7.35393,52.207,0,0.91625,0.14
112,02/08/2000 04:15:00,7.80831,51.4307,0,0.92719,0.14
113,02/08/2000 04:30:00,8.05297,51.082,0.28156,0.93,0.14
114,02/08/2000 04:45:00,7.77335,51.7007,1.41423,0.91625,0.14
115,02/08/2000 05:00:00,7.49374,52.387,2.92423,0.9,0.14
116,02/08/2000 05:15:00,7.21412,53.1407,4.81156,0.88125,0.14
117,02/08/2000 05:30:00,6.9345,53.962,7.07621,0.86,0.14
118,02/08/2000 05:45:00,6.1306,55.0364,9.88034,0.82969,0.14
119,02/08/2000 06:00:00,5.67623,56.0545,12.9537,0.80125,0.14
120,02/08/2000 06:15:00,5.57137,57.0164,16.2963,0.77469,0.12
121,02/08/2000 06:30:00,5.81603,57.922,19.9081,0.75,0.12
122,02/08/2000 06:45:00,7.6685,58.7882,25.0992,0.72625,0.12
123,02/08/2000 07:00:00,9.03163,59.587,29.6861,0.705,0.12
124,02/08/2000 07:15:00,9.90543,60.3182,33.669,0.68625,0.12
125,02/08/2000 07:30:00,10.2899,60.982,37.0478,0.67,0.12
126,02/08/2000 07:45:00,8.92677,61.5614,40.4261,0.65625,0.12
127,02/08/2000 08:00:00,7.91316,62.0845,42.7979,0.645,0.12
128,02/08/2000 08:15:00,7.24907,62.5514,44.1632,0.63625,0.12
129,02/08/2000 08:30:00,6.9345,62.962,44.522,0.63,0.12
130,02/08/2000 08:45:00,7.26305,63.0632,41.8795,0.63938,0.12
131,02/08/2000 09:00:00,7.74539,63.277,39.5604,0.6425,0.12
132,02/08/2000 09:15:00,8.38152,63.6032,37.5648,0.63938,0.12
133,02/08/2000 09:30:00,9.17144,64.042,35.8926,0.63,0.12
134,02/08/2000 09:45:00,10.7862,64.9307,33.8214,0.59563,0.12
135,02/08/2000 10:00:00,12.1074,65.707,32.5553,0.5675,0.12
136,02/08/2000 10:15:00,13.135,66.3707,32.0944,0.54563,0.1378
137,02/08/2000 10:30:00,13.869,66.922,32.4386,0.53,0.14
138,02/08/2000 10:45:00,13.7641,67.1076,34.3002,0.53375,0.14
139,02/08/2000 11:00:00,13.7292,67.3495,36.4921,0.535,0.14
140,02/08/2000 11:15:00,13.7641,67.6476,39.0144,0.53375,0.1357
141,02/08/2000 11:30:00,13.869,68.002,41.867,0.53,0.12
142,02/08/2000 11:45:00,14.1486,68.767,47.9734,0.5125,0.12
143,02/08/2000 12:00:00,14.4282,69.352,52.4612,0.5,0.12
144,02/08/2000 12:15:00,14.7079,69.757,55.3305,0.4925,0.12
145,02/08/2000 12:30:00,14.9875,69.982,56.5812,0.49,0.12
146,02/08/2000 12:45:00,15.6865,69.6726,54.3008,0.50375,0.12
147,02/08/2000 13:00:00,16.1059,69.4195,51.6769,0.515,0.12
148,02/08/2000 13:15:00,16.2457,69.2226,48.7094,0.52375,0.12
149,02/08/2000 13:30:00,16.1059,69.082,45.3983,0.53,0.12
150,02/08/2000 13:45:00,14.8477,69.1832,40.0476,0.52625,0.1336
151,02/08/2000 14:00:00,13.869,69.217,35.4841,0.525,0.14
152,02/08/2000 14:15:00,13.17,69.1832,31.7078,0.52625,0.14
153,02/08/2000 14:30:00,12.7505,69.082,28.7187,0.53,0.14
154,02/08/2000 14:45:00,13.2399,68.812,27.8748,0.54188,0.14
155,02/08/2000 15:00:00,13.5894,68.542,26.9128,0.5525,0.14
156,02/08/2000 15:15:00,13.7991,68.272,25.8328,0.56188,0.14
157,02/08/2000 15:30:00,13.869,68.002,24.6346,0.57,0.14
158,02/08/2000 15:45:00,13.8201,67.7151,23.7534,0.57313,0.14
159,02/08/2000 16:00:00,13.6173,67.4395,22.464,0.5775,0.14
160,02/08/2000 16:15:00,13.2608,67.1751,20.7665,0.58313,0.14
161,02/08/2000 16:30:00,12.7505,66.922,18.6608,0.59,0.14
162,02/08/2000 16:45:00,11.1847,66.7982,14.7209,0.59719,0.14
163,02/08/2000 17:00:00,10.0662,66.607,11.3236,0.60625,0.14
164,02/08/2000 17:15:00,9.39513,66.3482,8.46873,0.61719,0.14
165,02/08/2000 17:30:00,9.17144,66.022,6.15635,0.63,0.14
166,02/08/2000 17:45:00,10.2969,65.4426,4.99927,0.65125,0.14
167,02/08/2000 18:00:00,11.2686,64.9195,3.97614,0.67,0.14
168,02/08/2000 18:15:00,12.0864,64.4526,3.08696,0.68625,0.14
169,02/08/2000 18:30:00,12.7505,64.042,2.33173,0.7,0.14
170,02/08/2000 18:45:00,13.6803,63.7551,1.81472,0.70563,0.14
171,02/08/2000 19:00:00,14.1766,63.4795,1.36214,0.7125,0.14
172,02/08/2000 19:15:00,14.2395,63.2151,0.97401,0.72063,0.14
173,02/08/2000 19:30:00,13.869,62.962,0.65032,0.73,0.14
174,02/08/2000 19:45:00,11.66,62.7539,0.42677,0.74438,0.14
175,02/08/2000 20:00:00,9.95437,62.5345,0.24387,0.7575,0.14
176,02/08/2000 20:15:00,8.75201,62.3039,0.10161,0.76938,0.14
177,02/08/2000 20:30:00,8.05297,62.062,0,0.78,0.14
178,02/08/2000 20:45:00,9.24134,61.6907,0,0.79031,0.14
179,02/08/2000 21:00:00,10.0103,61.387,0,0.79875,0.14
180,02/08/2000 21:15:00,10.3598,61.1507,0,0.80531,0.14
181,02/08/2000 21:30:00,10.2899,60.982,0,0.81,0.14
182,02/08/2000 21:45:00,8.64716,60.982,0,0.81,0.14
183,02/08/2000 22:00:00,7.35393,60.982,0,0.81,0.14
184,02/08/2000 22:15:00,6.41022,60.982,0,0.81,0.14
185,02/08/2000 22:30:00,5.81603,60.982,0,0.81,0.14
186,02/08/2000 22:45:00,6.20051,61.0664,0,0.80719,0.1555
187,02/08/2000 23:00:00,6.51508,61.0945,0,0.80625,0.1514
188,02/08/2000 23:15:00,6.75974,61.0664,0,0.80719,0.14
189,02/08/2000 23:30:00,6.9345,60.982,0,0.81,0.14
190,02/08/2000 23:45:00,6.9345,60.6726,0,0.82313,0.14
191,03/08/2000 00:00:00,6.9345,60.4195,0,0.8325,0.14
192,03/08/2000 00:15:00,6.9345,60.2226,0,0.83813,0.14
193,03/08/2000 00:30:00,6.9345,60.082,0,0.84,0.14
194,03/08/2000 00:45:00,7.14422,60.1832,0,0.82688,0.14
195,03/08/2000 01:00:00,7.21412,60.217,0,0.8175,0.14
196,03/08/2000 01:15:00,7.14422,60.1832,0,0.81188,0.14
197,03/08/2000 01:30:00,6.9345,60.082,0,0.81,0.14
198,03/08/2000 01:45:00,6.16556,59.7107,0,0.82031,0.14
199,03/08/2000 02:00:00,5.53642,59.407,0,0.82875,0.14
200,03/08/2000 02:15:00,5.04709,59.1707,0,0.83531,0.16
201,03/08/2000 02:30:00,4.69757,59.002,0,0.84,0.16
202,03/08/2000 02:45:00,4.69757,59.1032,0,0.83438,0.3
203,03/08/2000 03:00:00,4.69757,59.137,0,0.8325,0.3
204,03/08/2000 03:15:00,4.69757,59.1032,0,0.83438,0.3
205,03/08/2000 03:30:00,4.69757,59.002,0,0.84,0.3
206,03/08/2000 03:45:00,4.48785,58.5295,0,0.86063,0.3
207,03/08/2000 04:00:00,4.41795,58.192,0,0.8775,0.3
208,03/08/2000 04:15:00,4.48785,57.9895,0.05124,0.89063,0.3
209,03/08/2000 04:30:00,4.69757,57.922,0.28092,0.9,0.3
210,03/08/2000 04:45:00,5.67623,58.192,0.55854,0.90281,0.3
211,03/08/2000 05:00:00,6.37527,58.462,0.98136,0.90375,0.16
212,03/08/2000 05:15:00,6.79469,58.732,1.54937,0.90281,0.14
213,03/08/2000 05:30:00,6.9345,59.002,2.26258,0.9,0.14
214,03/08/2000 05:45:00,5.95584,59.2889,3.35194,0.8925,0.14
215,03/08/2000 06:00:00,5.2568,59.5645,4.43253,0.885,0.14
216,03/08/2000 06:15:00,4.83737,59.8289,5.50433,0.8775,0.16
217,03/08/2000 06:30:00,4.69757,60.082,6.56735,0.87,0.16
218,03/08/2000 06:45:00,6.11662,60.2057,7.27226,0.86531,0.16
219,03/08/2000 07:00:00,6.96246,60.397,8.20128,0.85875,0.14
220,03/08/2000 07:15:00,7.23509,60.6557,9.3544,0.85031,0.14
221,03/08/2000 07:30:00,6.9345,60.982,10.7316,0.84,0.14
222,03/08/2000 07:45:00,4.00551,61.477,12.4122,0.82688,0.14
223,03/08/2000 08:00:00,1.87343,61.972,14.2641,0.8125,0.3
224,03/08/2000 08:15:00,0.53826,62.467,16.2872,0.79688,0.3
225,03/08/2000 08:30:00,0,62.962,18.4817,0.78,0.3
226,03/08/2000 08:45:00,1.89441,63.2545,19.0698,0.76281,0.3
227,03/08/2000 09:00:00,3.49521,63.682,21.0143,0.74375,0.3
228,03/08/2000 09:15:00,4.80242,64.2445,24.3152,0.72281,0.3
229,03/08/2000 09:30:00,5.81603,64.942,28.9724,0.7,0.14
230,03/08/2000 09:45:00,6.20051,66.4664,41.3901,0.66031,0.14
231,03/08/2000 10:00:00,6.51508,67.6645,50.8947,0.62875,0.12
232,03/08/2000 10:15:00,6.75974,68.5364,57.4861,0.60531,0.12
233,03/08/2000 10:30:00,6.9345,69.082,61.1645,0.59,0.12
234,03/08/2000 10:45:00,7.03936,68.5251,56.1235,0.59875,0.12
235,03/08/2000 11:00:00,7.07431,68.1595,52.0402,0.605,0.12
236,03/08/2000 11:15:00,7.03936,67.9851,48.9145,0.60875,0.12
237,03/08/2000 11:30:00,6.9345,68.002,46.7465,0.61,0.12
238,03/08/2000 11:45:00,6.55003,68.5814,46.9478,0.60875,0.12
239,03/08/2000 12:00:00,6.23546,69.1045,47.1656,0.605,0.12
240,03/08/2000 12:15:00,5.9908,69.5714,47.3998,0.59875,0.12
241,03/08/2000 12:30:00,5.81603,69.982,47.6505,0.59,0.12
242,03/08/2000 12:45:00,5.71118,70.3532,50.0856,0.5675,0.12
243,03/08/2000 13:00:00,5.67623,70.657,51.0918,0.55,0.12
244,03/08/2000 13:15:00,5.71118,70.8932,50.6691,0.5375,0.12
245,03/08/2000 13:30:00,5.81603,71.062,48.8174,0.53,0.12
246,03/08/2000 13:45:00,5.9908,70.8764,39.5704,0.54156,0.12
247,03/08/2000 14:00:00,6.23546,70.8145,32.8721,0.54875,0.14
248,03/08/2000 14:15:00,6.55003,70.8764,28.7225,0.55156,0.14
249,03/08/2000 14:30:00,6.9345,71.062,27.1216,0.55,0.14
250,03/08/2000 14:45:00,7.80831,71.9282,36.218,0.53,0.14
251,03/08/2000 15:00:00,8.4724,72.547,42.4307,0.515,0.14
252,03/08/2000 15:15:00,8.92677,72.9182,45.7598,0.505,0.14
253,03/08/2000 15:30:00,9.17144,73.042,46.2051,0.5,0.14
254,03/08/2000 15:45:00,8.68211,72.3614,37.4702,0.51219,0.14
255,03/08/2000 16:00:00,8.33259,71.8045,30.0493,0.52125,0.14
256,03/08/2000 16:15:00,8.12287,71.3714,23.9424,0.52719,0.14
257,03/08/2000 16:30:00,8.05297,71.062,19.1495,0.53,0.14
258,03/08/2000 16:45:00,8.33259,71.2476,17.8168,0.5175,0.14
259,03/08/2000 17:00:00,8.6122,71.3095,16.3674,0.51,0.14
260,03/08/2000 17:15:00,8.89182,71.2476,14.8013,0.5075,0.14
261,03/08/2000 17:30:00,9.17144,71.062,13.1184,0.51,0.14
262,03/08/2000 17:45:00,9.66077,70.4826,10.8231,0.52688,0.14
263,03/08/2000 18:00:00,10.0103,69.9595,8.74167,0.5425,0.14
264,03/08/2000 18:15:00,10.22,69.4926,6.87403,0.55688,0.14
265,03/08/2000 18:30:00,10.2899,69.082,5.22021,0.57,0.14
266,03/08/2000 18:45:00,10.1151,68.9976,3.75092,0.57531,0.14
267,03/08/2000 19:00:00,9.87048,68.7895,2.515,0.58375,0.14
268,03/08/2000 19:15:00,9.55591,68.4576,1.51243,0.59531,0.14
269,03/08/2000 19:30:00,9.17144,68.002,0.74322,0.61,0.16
270,03/08/2000 19:45:00,8.19278,66.9501,0.48774,0.64094,0.16
271,03/08/2000 20:00:00,7.49374,66.0895,0.27871,0.66625,0.16
272,03/08/2000 20:15:00,7.07431,65.4201,0.11613,0.68594,0.16
273,03/08/2000 20:30:00,6.9345,64.942,0,0.7,0.16
274,03/08/2000 20:45:00,7.70345,64.942,0,0.69719,0.16
275,03/08/2000 21:00:00,8.33259,64.942,0,0.69625,0.1562
276,03/08/2000 21:15:00,8.82192,64.942,0,0.69719,0.14
277,03/08/2000 21:30:00,9.17144,64.942,0,0.7,0.14
278,03/08/2000 21:45:00,9.17144,65.0264,0,0.70844,0.14
279,03/08/2000 22:00:00,9.17144,65.0545,0,0.71625,0.14
280,03/08/2000 22:15:00,9.17144,65.0264,0,0.72344,0.14
281,03/08/2000 22:30:00,9.17144,64.942,0,0.73,0.14
282,03/08/2000 22:45:00,8.94075,64.7339,0,0.73688,0.14
283,03/08/2000 23:00:00,8.86386,64.5145,0,0.7425,0.14
284,03/08/2000 23:15:00,8.94075,64.2839,0,0.74688,0.14
285,03/08/2000 23:30:00,9.17144,64.042,0,0.75,0.14
286,03/08/2000 23:45:00,10.3528,63.7551,0,0.74719,0.14
287,04/08/2000 00:00:00,11.1567,63.4795,0,0.74625,0.14
288,04/08/2000 00:15:00,11.5831,63.2151,0,0.74719,0.14
289,04/08/2000 00:30:00,11.6321,62.962,0,0.75,0.14
290,04/08/2000 00:45:00,10.2969,62.8382,0,0.7575,0.14
291,04/08/2000 01:00:00,9.25532,62.647,0,0.765,0.14
292,04/08/2000 01:15:00,8.50735,62.3882,0,0.7725,0.14
293,04/08/2000 01:30:00,8.05297,62.062,0,0.78,0.14
294,04/08/2000 01:45:00,8.64716,61.5839,0,0.78469,0.14
295,04/08/2000 02:00:00,9.03163,61.0945,0,0.79125,0.14
296,04/08/2000 02:15:00,9.20639,60.5939,0,0.79969,0.14
297,04/08/2000 02:30:00,9.17144,60.082,0,0.81,0.14
298,04/08/2000 02:45:00,8.40249,59.4239,0,0.82781,0.14
299,04/08/2000 03:00:00,7.77335,58.8445,0,0.84375,0.14
300,04/08/2000 03:15:00,7.28402,58.3439,0,0.85781,0.14
301,04/08/2000 03:30:00,6.9345,57.922,0,0.87,0.14
302,04/08/2000 03:45:00,6.9345,57.5282,0,0.88031,0.14
303,04/08/2000 04:00:00,6.9345,57.247,0,0.88875,0.14
304,04/08/2000 04:15:00,6.9345,57.0782,0,0.89531,0.14
305,04/08/2000 04:30:00,6.9345,57.022,0.28105,0.9,0.14
306,04/08/2000 04:45:00,6.9345,57.3314,0.71955,0.9,0.14
307,04/08/2000 05:00:00,6.9345,57.5845,1.41129,0.9,0.14
308,04/08/2000 05:15:00,6.9345,57.7814,2.35626,0.9,0.14
309,04/08/2000 05:30:00,6.9345,57.922,3.55446,0.9,0.14
310,04/08/2000 05:45:00,6.9345,57.8207,5.17177,0.90281,0.14
311,04/08/2000 06:00:00,6.9345,57.787,6.93173,0.90375,0.14
312,04/08/2000 06:15:00,6.9345,57.8207,8.83432,0.90281,0.14
313,04/08/2000 06:30:00,6.9345,57.922,10.8795,0.9,0.14
314,04/08/2000 06:45:00,6.9345,57.7364,12.7192,0.90281,0.14
315,04/08/2000 07:00:00,6.9345,57.8545,14.9336,0.89875,0.14
316,04/08/2000 07:15:00,6.9345,58.2764,17.5228,0.88781,0.14
317,04/08/2000 07:30:00,6.9345,59.002,20.4868,0.87,0.14
318,04/08/2000 07:45:00,6.49411,61.0439,23.4631,0.82188,0.14
319,04/08/2000 08:00:00,6.34731,62.7145,27.0558,0.7825,0.14
320,04/08/2000 08:15:00,6.49411,64.0139,31.2651,0.75188,0.14
321,04/08/2000 08:30:00,6.9345,64.942,36.0909,0.73,0.12
322,04/08/2000 08:45:00,8.67512,64.8407,43.6445,0.73281,0.12
323,04/08/2000 09:00:00,10.0383,64.807,50.407,0.73375,0.12
324,04/08/2000 09:15:00,11.0239,64.8407,56.3787,0.73281,0.12
325,04/08/2000 09:30:00,11.6321,64.942,61.5593,0.73,0.12
326,04/08/2000 09:45:00,11.4853,65.0264,65.1995,0.72625,0.12
327,04/08/2000 10:00:00,11.2126,65.2345,68.5484,0.72,0.12
328,04/08/2000 10:15:00,10.8142,65.5664,71.6061,0.71125,0.12
329,04/08/2000 10:30:00,10.2899,66.022,74.3725,0.7,0.12
330,04/08/2000 10:45:00,9.24134,66.7026,77.3227,0.68344,0.12
331,04/08/2000 11:00:00,8.33259,67.4395,79.665,0.66625,0.12
332,04/08/2000 11:15:00,7.56364,68.2326,81.3994,0.64844,0.12
333,04/08/2000 11:30:00,6.9345,69.082,82.5257,0.63,0.12
334,04/08/2000 11:45:00,6.1306,70.3589,82.4131,0.60344,0.12
335,04/08/2000 12:00:00,5.67623,71.4445,82.1133,0.58125,0.12
336,04/08/2000 12:15:00,5.57137,72.3389,81.6261,0.56344,0.12
337,04/08/2000 12:30:00,5.81603,73.042,80.9517,0.55,0.12
338,04/08/2000 12:45:00,7.45878,73.0645,80.2969,0.55688,0.12
339,04/08/2000 13:00:00,8.75201,73.222,79.3169,0.5575,0.12
340,04/08/2000 13:15:00,9.69572,73.5145,78.0118,0.55188,0.12
341,04/08/2000 13:30:00,10.2899,73.942,76.3816,0.54,0.12
342,04/08/2000 13:45:00,9.67475,74.9939,74.4647,0.50313,0.12
343,04/08/2000 14:00:00,9.28329,75.8545,72.197,0.4725,0.12
344,04/08/2000 14:15:00,9.11552,76.5239,69.5786,0.44813,0.12
345,04/08/2000 14:30:00,9.17144,77.002,66.6095,0.43,0.12
346,04/08/2000 14:45:00,10.0173,77.1032,62.7621,0.42188,0.12
347,04/08/2000 15:00:00,10.7093,77.137,58.9157,0.4175,0.12
348,04/08/2000 15:15:00,11.2476,77.1032,55.0704,0.41688,0.12
349,04/08/2000 15:30:00,11.6321,77.002,51.226,0.42,0.12
350,04/08/2000 15:45:00,11.7579,76.6307,47.4238,0.44094,0.12
351,04/08/2000 16:00:00,11.7998,76.327,43.5952,0.45625,0.12
352,04/08/2000 16:15:00,11.7579,76.0907,39.7403,0.46594,0.12
353,04/08/2000 16:30:00,11.6321,75.922,35.859,0.47,0.12
354,04/08/2000 16:45:00,11.1707,76.192,31.7197,0.45438,0.1279
355,04/08/2000 17:00:00,10.7932,76.282,27.7085,0.4425,0.1255
356,04/08/2000 17:15:00,10.4996,76.192,23.8254,0.43438,0.1343
357,04/08/2000 17:30:00,10.2899,75.922,20.0704,0.43,0.1313
358,04/08/2000 17:45:00,10.2899,75.4045,15.8543,0.4275,0.1341
359,04/08/2000 18:00:00,10.2899,74.752,12.1591,0.43,0.1341
360,04/08/2000 18:15:00,10.2899,73.9645,8.9849,0.4375,0.134
361,04/08/2000 18:30:00,10.2899,73.042,6.33173,0.45,0.1273
362,04/08/2000 18:45:00,10.3948,71.5964,4.56165,0.475,0.1357
363,04/08/2000 19:00:00,10.4297,70.2745,3.07117,0.5,0.1345
364,04/08/2000 19:15:00,10.3948,69.0764,1.8603,0.525,0.1373
365,04/08/2000 19:30:00,10.2899,68.002,0.92903,0.55,0.1382
366,04/08/2000 19:45:00,9.80058,66.9501,0.60968,0.58156,0.1385
367,04/08/2000 20:00:00,9.45106,66.0895,0.34839,0.60875,0.1386
368,04/08/2000 20:15:00,9.24134,65.4201,0.14516,0.63156,0.14
369,04/08/2000 20:30:00,9.17144,64.942,0,0.65,0.14
370,04/08/2000 20:45:00,9.43008,64.942,0,0.65844,0.14
371,04/08/2000 21:00:00,9.70271,64.942,0,0.66625,0.14
372,04/08/2000 21:15:00,9.98932,64.942,0,0.67344,0.14
373,04/08/2000 21:30:00,10.2899,64.942,0,0.68,0.14
374,04/08/2000 21:45:00,10.5416,65.1276,0,0.68406,0.14
375,04/08/2000 22:00:00,10.8491,65.1895,0,0.68875,0.14
376,04/08/2000 22:15:00,11.2126,65.1276,0,0.69406,0.14
377,04/08/2000 22:30:00,11.6321,64.942,0,0.7,0.14
378,04/08/2000 22:45:00,12.9463,64.3457,0,0.70844,0.14
379,04/08/2000 23:00:00,13.7572,63.817,0,0.71625,0.14
380,04/08/2000 23:15:00,14.0647,63.3557,0,0.72344,0.14
381,04/08/2000 23:30:00,13.869,62.962,0,0.73,0.14
382,04/08/2000 23:45:00,11.8697,62.8382,0,0.73125,0.14
383,05/08/2000 00:00:00,10.234,62.647,0,0.735,0.14
384,05/08/2000 00:15:00,8.96173,62.3882,0,0.74125,0.14
385,05/08/2000 00:30:00,8.05297,62.062,0,0.75,0.14
386,05/08/2000 00:45:00,8.26268,61.3814,0,0.77063,0.14
387,05/08/2000 01:00:00,8.33259,60.8245,0,0.7875,0.14
388,05/08/2000 01:15:00,8.26268,60.3914,0,0.80063,0.14
389,05/08/2000 01:30:00,8.05297,60.082,0,0.81,0.14
390,05/08/2000 01:45:00,7.28402,60.3689,0,0.80156,0.14
391,05/08/2000 02:00:00,6.65489,60.4645,0,0.79875,0.14
392,05/08/2000 02:15:00,6.16556,60.3689,0,0.80156,0.14
393,05/08/2000 02:30:00,5.81603,60.082,0,0.81,0.14
394,05/08/2000 02:45:00,6.36129,59.1314,0,0.83813,0.16
395,05/08/2000 03:00:00,6.54304,58.3045,0,0.8625,0.14
396,05/08/2000 03:15:00,6.36129,57.6014,0,0.88313,0.14
397,05/08/2000 03:30:00,5.81603,57.022,0,0.9,0.14
398,05/08/2000 03:45:00,3.06181,56.5495,0,0.90656,0.16
399,05/08/2000 04:00:00,1.17439,56.212,0,0.91375,0.3
400,05/08/2000 04:15:00,0.15379,56.0095,0,0.92156,0.3
401,05/08/2000 04:30:00,0,55.942,0.27961,0.93,0.3
402,05/08/2000 04:45:00,2.97792,56.1276,0.69717,0.95031,0.3
403,05/08/2000 05:00:00,5.31272,56.3695,1.39615,0.96375,0.3
404,05/08/2000 05:15:00,7.00441,56.6676,2.37654,0.97031,0.16
405,05/08/2000 05:30:00,8.05297,57.022,3.63836,0.97,0.14
406,05/08/2000 05:45:00,6.96945,57.1457,4.33084,0.95906,0.14
407,05/08/2000 06:00:00,6.23546,57.517,5.87192,0.94375,0.14
408,05/08/2000 06:15:00,5.85099,58.1357,8.26158,0.92406,0.14
409,05/08/2000 06:30:00,5.81603,59.002,11.4998,0.9,0.14
410,05/08/2000 06:45:00,7.28402,60.8582,17.3405,0.8575,0.14
411,05/08/2000 07:00:00,8.33259,62.467,22.8605,0.82,0.14
412,05/08/2000 07:15:00,8.96173,63.8282,28.06,0.7875,0.12
413,05/08/2000 07:30:00,9.17144,64.942,32.9388,0.76,0.12
414,05/08/2000 07:45:00,7.70345,65.5214,37.2221,0.74125,0.12
415,05/08/2000 08:00:00,6.65489,66.0445,41.3681,0.725,0.12
416,05/08/2000 08:15:00,6.02575,66.5114,45.3768,0.71125,0.12
417,05/08/2000 08:30:00,5.81603,66.922,49.2481,0.7,0.12
418,05/08/2000 08:45:00,6.96945,67.1076,53.0986,0.69688,0.12
419,05/08/2000 09:00:00,7.91316,67.3495,56.7342,0.6925,0.12
420,05/08/2000 09:15:00,8.64716,67.6476,60.1549,0.68688,0.12
421,05/08/2000 09:30:00,9.17144,68.002,63.3607,0.68,0.12
422,05/08/2000 09:45:00,9.2763,68.3114,66.2901,0.67375,0.12
423,05/08/2000 10:00:00,9.31125,68.7445,69.0456,0.665,0.12
424,05/08/2000 10:15:00,9.2763,69.3014,71.6272,0.65375,0.12
425,05/08/2000 10:30:00,9.17144,69.982,74.0349,0.64,0.12
426,05/08/2000 10:45:00,8.68211,71.242,76.8766,0.61438,0.12
427,05/08/2000 11:00:00,8.33259,72.322,79.1391,0.5925,0.12
428,05/08/2000 11:15:00,8.12287,73.222,80.8225,0.57438,0.12
429,05/08/2000 11:30:00,8.05297,73.942,81.9268,0.56,0.12
430,05/08/2000 11:45:00,8.5423,74.0264,81.8707,0.55688,0.12
431,05/08/2000 12:00:00,8.89182,74.2345,81.6229,0.5525,0.12
432,05/08/2000 12:15:00,9.10153,74.5664,81.1836,0.54688,0.12
433,05/08/2000 12:30:00,9.17144,75.022,80.5526,0.54,0.12
434,05/08/2000 12:45:00,8.57725,75.8039,79.8844,0.53188,0.12
435,05/08/2000 13:00:00,8.19278,76.5745,78.9218,0.5225,0.12
436,05/08/2000 13:15:00,8.01802,77.3339,77.6646,0.51188,0.12
437,05/08/2000 13:30:00,8.05297,78.082,76.113,0.5,0.12
438,05/08/2000 13:45:00,8.92677,78.9707,74.4108,0.48594,0.12
439,05/08/2000 14:00:00,9.59086,79.747,72.3182,0.47125,0.12
440,05/08/2000 14:15:00,10.0452,80.4107,69.8352,0.45594,0.12
441,05/08/2000 14:30:00,10.2899,80.962,66.9617,0.44,0.12
442,05/08/2000 14:45:00,9.90543,81.4345,63.1593,0.41219,0.12
443,05/08/2000 15:00:00,9.59086,81.772,59.3254,0.39125,0.12
444,05/08/2000 15:15:00,9.3462,81.9745,55.4602,0.37719,0.12
445,05/08/2000 15:30:00,9.17144,82.042,51.5636,0.37,0.12
446,05/08/2000 15:45:00,9.06658,81.8564,47.6199,0.38094,0.12
447,05/08/2000 16:00:00,9.03163,81.6145,43.6553,0.39125,0.12
448,05/08/2000 16:15:00,9.06658,81.3164,39.6699,0.40094,0.12
449,05/08/2000 16:30:00,9.17144,80.962,35.6636,0.41,0.12
450,05/08/2000 16:45:00,9.55591,80.6526,31.3531,0.41469,0.12
451,05/08/2000 17:00:00,9.87048,80.2195,27.2106,0.42125,0.12
452,05/08/2000 17:15:00,10.1151,79.6626,23.2362,0.42969,0.12
453,05/08/2000 17:30:00,10.2899,78.982,19.4298,0.44,0.1398
454,05/08/2000 17:45:00,10.1641,78.1776,15.2554,0.45219,0.1399
455,05/08/2000 18:00:00,10.1221,77.2495,11.6064,0.46625,0.12
456,05/08/2000 18:15:00,10.1641,76.1976,8.48262,0.48219,0.14
457,05/08/2000 18:30:00,10.2899,75.022,5.88415,0.5,0.1399
458,05/08/2000 18:45:00,10.6464,72.9801,4.18664,0.53281,0.14
459,05/08/2000 19:00:00,10.9889,71.3095,2.76398,0.55875,0.14
460,05/08/2000 19:15:00,11.3175,70.0101,1.61617,0.57781,0.14
461,05/08/2000 19:30:00,11.6321,69.082,0.74322,0.59,0.14
462,05/08/2000 19:45:00,11.702,69.2845,0.48774,0.58125,0.1402
463,05/08/2000 20:00:00,11.9117,69.352,0.27871,0.575,0.1402
464,05/08/2000 20:15:00,12.2612,69.2845,0.11613,0.57125,0.1402
465,05/08/2000 20:30:00,12.7505,69.082,0,0.57,0.1402
466,05/08/2000 20:45:00,14.2185,68.5251,0,0.57313,0.1402
467,05/08/2000 21:00:00,15.2671,67.9795,0,0.5775,0.1402
468,05/08/2000 21:15:00,15.8962,67.4451,0,0.58313,0.14
469,05/08/2000 21:30:00,16.1059,66.922,0,0.59,0.14
470,05/08/2000 21:45:00,15.1832,66.427,0,0.59906,0.14
471,05/08/2000 22:00:00,14.3164,65.932,0,0.60875,0.14
472,05/08/2000 22:15:00,13.5055,65.437,0,0.61906,0.14
473,05/08/2000 22:30:00,12.7505,64.942,0,0.63,0.14
474,05/08/2000 22:45:00,11.7789,64.3457,0,0.64813,0.14
475,05/08/2000 23:00:00,11.0449,63.817,0,0.6625,0.14
476,05/08/2000 23:15:00,10.5486,63.3557,0,0.67313,0.14
477,05/08/2000 23:30:00,10.2899,62.962,0,0.68,0.14
478,05/08/2000 23:45:00,10.7513,62.7539,0,0.67375,0.14
479,06/08/2000 00:00:00,11.1288,62.5345,0,0.67,0.14
480,06/08/2000 00:15:00,11.4224,62.3039,0,0.66875,0.14
481,06/08/2000 00:30:00,11.6321,62.062,0,0.67,0.14
482,06/08/2000 00:45:00,11.5272,61.6907,0,0.68031,0.14
483,06/08/2000 01:00:00,11.4923,61.387,0,0.68875,0.14
484,06/08/2000 01:15:00,11.5272,61.1507,0,0.69531,0.14
485,06/08/2000 01:30:00,11.6321,60.982,0,0.7,0.14
486,06/08/2000 01:45:00,12.0165,60.982,0,0.70281,0.14
487,06/08/2000 02:00:00,12.3311,60.982,0,0.70375,0.14
488,06/08/2000 02:15:00,12.5758,60.982,0,0.70281,0.14
489,06/08/2000 02:30:00,12.7505,60.982,0,0.7,0.14
490,06/08/2000 02:45:00,13.2958,61.0664,0,0.68688,0.14
491,06/08/2000 03:00:00,13.4775,61.0945,0,0.6775,0.14
492,06/08/2000 03:15:00,13.2958,61.0664,0,0.67188,0.14
493,06/08/2000 03:30:00,12.7505,60.982,0,0.67,0.14
494,06/08/2000 03:45:00,10.7513,60.487,0,0.68313,0.14
495,06/08/2000 04:00:00,9.11552,60.172,0,0.6925,0.14
496,06/08/2000 04:15:00,7.84326,60.037,0,0.69813,0.14
497,06/08/2000 04:30:00,6.9345,60.082,0.27894,0.7,0.14
498,06/08/2000 04:45:00,6.72479,60.4926,1.2301,0.69531,0.14
499,06/08/2000 05:00:00,6.65489,60.9595,2.57412,0.68875,0.14
500,06/08/2000 05:15:00,6.72479,61.4826,4.311,0.68031,0.14
501,06/08/2000 05:30:00,6.9345,62.062,6.44076,0.67,0.14
502,06/08/2000 05:45:00,7.70345,62.8664,9.64495,0.65313,0.14
503,06/08/2000 06:00:00,8.33259,63.6145,12.7876,0.6375,0.14
504,06/08/2000 06:15:00,8.82192,64.3064,15.8688,0.62313,0.12
505,06/08/2000 06:30:00,9.17144,64.942,18.8884,0.61,0.12
506,06/08/2000 06:45:00,8.8359,65.2345,21.2661,0.60188,0.12
507,06/08/2000 07:00:00,8.72405,65.662,23.9692,0.5925,0.12
508,06/08/2000 07:15:00,8.8359,66.2245,26.9978,0.58188,0.12
509,06/08/2000 07:30:00,9.17144,66.922,30.352,0.57,0.12
510,06/08/2000 07:45:00,10.6324,68.0751,34.563,0.55219,0.1212
511,06/08/2000 08:00:00,11.716,69.1495,38.7453,0.53625,0.1226
512,06/08/2000 08:15:00,12.422,70.1451,42.8989,0.52219,0.1214
513,06/08/2000 08:30:00,12.7505,71.062,47.0236,0.51,0.12
514,06/08/2000 08:45:00,12.0096,71.9507,51.6486,0.49969,0.122
515,06/08/2000 09:00:00,11.3525,72.727,55.8922,0.49125,0.12
516,06/08/2000 09:15:00,10.7792,73.3907,59.7542,0.48469,0.12
517,06/08/2000 09:30:00,10.2899,73.942,63.2348,0.48,0.12
518,06/08/2000 09:45:00,9.67475,74.1276,66.0051,0.48094,0.12
519,06/08/2000 10:00:00,9.28329,74.3695,68.613,0.48125,0.12
520,06/08/2000 10:15:00,9.11552,74.6676,71.0586,0.48094,0.12
521,06/08/2000 10:30:00,9.17144,75.022,73.3419,0.48,0.12
522,06/08/2000 10:45:00,9.91242,75.517,76.0418,0.48125,0.12
523,06/08/2000 11:00:00,10.5695,76.012,78.1934,0.48,0.12
524,06/08/2000 11:15:00,11.1427,76.507,79.7968,0.47625,0.12
525,06/08/2000 11:30:00,11.6321,77.002,80.8518,0.47,0.12
526,06/08/2000 11:45:00,12.0165,77.3957,80.8859,0.45375,0.12
527,06/08/2000 12:00:00,12.3311,77.857,80.6869,0.44,0.12
528,06/08/2000 12:15:00,12.5758,78.3857,80.2547,0.42875,0.12
529,06/08/2000 12:30:00,12.7505,78.982,79.5894,0.42,0.12
530,06/08/2000 12:45:00,12.8554,79.8482,78.7565,0.4175,0.12
531,06/08/2000 13:00:00,12.8903,80.647,77.6468,0.415,0.12
532,06/08/2000 13:15:00,12.8554,81.3782,76.2602,0.4125,0.12
533,06/08/2000 13:30:00,12.7505,82.042,74.5966,0.41,0.12
534,06/08/2000 13:45:00,12.3661,82.8239,72.7669,0.40563,0.12
535,06/08/2000 14:00:00,12.0515,83.4145,70.5864,0.4025,0.12
536,06/08/2000 14:15:00,11.8068,83.8139,68.0553,0.40063,0.12
537,06/08/2000 14:30:00,11.6321,84.022,65.1735,0.4,0.12
538,06/08/2000 14:45:00,11.7579,83.7351,61.4965,0.40156,0.12
539,06/08/2000 15:00:00,11.7998,83.4595,57.7652,0.40375,0.12
540,06/08/2000 15:15:00,11.7579,83.1951,53.9793,0.40656,0.12
541,06/08/2000 15:30:00,11.6321,82.942,50.1391,0.41,0.12
542,06/08/2000 15:45:00,11.0449,82.8182,46.1578,0.415,0.12
543,06/08/2000 16:00:00,10.6254,82.627,42.1797,0.42,0.12
544,06/08/2000 16:15:00,10.3738,82.3682,38.2049,0.425,0.12
545,06/08/2000 16:30:00,10.2899,82.042,34.2334,0.43,0.12
546,06/08/2000 16:45:00,10.7513,81.547,29.9381,0.43688,0.1283
547,06/08/2000 17:00:00,11.1288,81.052,25.8641,0.4425,0.1278
548,06/08/2000 17:15:00,11.4224,80.557,22.0114,0.44688,0.12
549,06/08/2000 17:30:00,11.6321,80.062,18.3801,0.45,0.1282
550,06/08/2000 17:45:00,11.6321,79.6682,14.6383,0.44531,0.1305
551,06/08/2000 18:00:00,11.6321,79.207,11.339,0.44375,0.1304
552,06/08/2000 18:15:00,11.6321,78.6782,8.48221,0.44531,0.1306
553,06/08/2000 18:30:00,11.6321,78.082,6.06796,0.45,0.1305
554,06/08/2000 18:45:00,11.6321,77.2157,4.34791,0.46719,0.1304
555,06/08/2000 19:00:00,11.6321,76.417,2.90258,0.48125,0.1303
556,06/08/2000 19:15:00,11.6321,75.6857,1.73199,0.49219,0.1315
557,06/08/2000 19:30:00,11.6321,75.022,0.83613,0.5,0.1346
558,06/08/2000 19:45:00,11.2126,74.527,0.54871,0.50094,0.1358
559,06/08/2000 20:00:00,11.0728,74.032,0.31355,0.50125,0.1366
560,06/08/2000 20:15:00,11.2126,73.537,0.13065,0.50094,0.1378
561,06/08/2000 20:30:00,11.6321,73.042,0,0.5,0.1392
562,06/08/2000 20:45:00,13.7152,72.6482,0,0.49281,0.14
563,06/08/2000 21:00:00,15.1552,72.187,0,0.48875,0.14
564,06/08/2000 21:15:00,15.9522,71.6582,0,0.48781,0.14
565,06/08/2000 21:30:00,16.1059,71.062,0,0.49,0.14
566,06/08/2000 21:45:00,14.1067,70.1114,0,0.50188,0.14
567,06/08/2000 22:00:00,12.4709,69.2845,0,0.5125,0.14
568,06/08/2000 22:15:00,11.1987,68.5814,0,0.52188,0.14
569,06/08/2000 22:30:00,10.2899,68.002,0,0.53,0.14
570,06/08/2000 22:45:00,10.0592,67.6307,0,0.53688,0.14
571,06/08/2000 23:00:00,9.98233,67.327,0,0.5425,0.14
572,06/08/2000 23:15:00,10.0592,67.0907,0,0.54688,0.14
573,06/08/2000 23:30:00,10.2899,66.922,0,0.55,0.14
574,06/08/2000 23:45:00,11.7859,67.2932,0,0.5425,0.14
575,07/08/2000 00:00:00,12.6946,67.417,0,0.54,0.14
576,07/08/2000 00:15:00,13.0162,67.2932,0,0.5425,0.14
577,07/08/2000 00:30:00,12.7505,66.922,0,0.55,0.14
578,07/08/2000 00:45:00,9.94738,65.3751,0,0.58125,0.14
579,07/08/2000 01:00:00,7.85724,64.1995,0,0.605,0.14
580,07/08/2000 01:15:00,6.48012,63.3951,0,0.62125,0.14
581,07/08/2000 01:30:00,5.81603,62.962,0,0.63,0.14
582,07/08/2000 01:45:00,7.2281,64.0139,0,0.61063,0.14
583,07/08/2000 02:00:00,8.44443,64.6945,0,0.5975,0.14
584,07/08/2000 02:15:00,9.46504,65.0039,0,0.59063,0.14
585,07/08/2000 02:30:00,10.2899,64.942,0,0.59,0.14
586,07/08/2000 02:45:00,11.0868,63.3951,0,0.6125,0.14
587,07/08/2000 03:00:00,11.5761,62.2195,0,0.63,0.14
588,07/08/2000 03:15:00,11.7579,61.4151,0,0.6425,0.14
589,07/08/2000 03:30:00,11.6321,60.982,0,0.65,0.14
590,07/08/2000 03:45:00,10.5066,61.6626,0,0.64313,0.14
591,07/08/2000 04:00:00,9.53494,62.2195,0,0.6375,0.14
592,07/08/2000 04:15:00,8.71706,62.6526,0,0.63313,0.14
593,07/08/2000 04:30:00,8.05297,62.962,0.0929,0.63,0.14
594,07/08/2000 04:45:00,7.45878,62.6751,0.84902,0.63563,0.14
595,07/08/2000 05:00:00,7.07431,62.5795,2.00243,0.6375,0.14
596,07/08/2000 05:15:00,6.89955,62.6751,3.55313,0.63563,0.14
597,07/08/2000 05:30:00,6.9345,62.962,5.50113,0.63,0.14
598,07/08/2000 05:45:00,7.80831,63.727,8.09406,0.61313,0.14
599,07/08/2000 06:00:00,8.4724,64.492,10.9192,0.5975,0.14
600,07/08/2000 06:15:00,8.92677,65.257,13.9765,0.58313,0.1324
601,07/08/2000 06:30:00,9.17144,66.022,17.2661,0.57,0.13
602,07/08/2000 06:45:00,8.89182,66.8882,21.0277,0.56,0.128
603,07/08/2000 07:00:00,8.6122,67.687,24.8616,0.55,0.1257
604,07/08/2000 07:15:00,8.33259,68.4182,28.7678,0.54,0.1261
605,07/08/2000 07:30:00,8.05297,69.082,32.7463,0.53,0.1235
606,07/08/2000 07:45:00,7.2281,69.4926,37.3083,0.51906,0.1222
607,07/08/2000 08:00:00,6.76673,69.9595,41.6017,0.50875,0.122
608,07/08/2000 08:15:00,6.66887,70.4826,45.6266,0.49906,0.12
609,07/08/2000 08:30:00,6.9345,71.062,49.383,0.49,0.12
610,07/08/2000 08:45:00,8.77997,71.8664,52.7103,0.48063,0.12
611,07/08/2000 09:00:00,10.1781,72.6145,55.8761,0.4725,0.12
612,07/08/2000 09:15:00,11.1288,73.3064,58.8803,0.46563,0.12
613,07/08/2000 09:30:00,11.6321,73.942,61.7228,0.46,0.12
614,07/08/2000 09:45:00,10.4507,74.4201,64.2877,0.45938,0.12
615,07/08/2000 10:00:00,9.64679,74.9095,66.7684,0.4575,0.12
616,07/08/2000 10:15:00,9.22037,75.4101,69.1649,0.45438,0.12
617,07/08/2000 10:30:00,9.17144,75.922,71.4771,0.45,0.12
618,07/08/2000 10:45:00,10.4018,76.5801,74.4292,0.44063,0.12
619,07/08/2000 11:00:00,11.4084,77.1595,76.8143,0.4325,0.12
620,07/08/2000 11:15:00,12.1913,77.6601,78.6324,0.42563,0.12
621,07/08/2000 11:30:00,12.7505,78.082,79.8835,0.42,0.12
622,07/08/2000 11:45:00,12.6457,78.2057,80.1254,0.41844,0.12
623,07/08/2000 12:00:00,12.6107,78.397,80.0951,0.41625,0.12
624,07/08/2000 12:15:00,12.6457,78.6557,79.7928,0.41344,0.12
625,07/08/2000 12:30:00,12.7505,78.982,79.2183,0.41,0.12
626,07/08/2000 12:45:00,13.4706,79.477,78.3461,0.40594,0.12
627,07/08/2000 13:00:00,13.897,79.972,77.2189,0.40125,0.12
628,07/08/2000 13:15:00,14.0298,80.467,75.8368,0.39594,0.12
629,07/08/2000 13:30:00,13.869,80.962,74.1997,0.39,0.12
630,07/08/2000 13:45:00,12.408,81.6426,72.5304,0.38531,0.12
631,07/08/2000 14:00:00,11.3245,82.1995,70.4576,0.37875,0.12
632,07/08/2000 14:15:00,10.6185,82.6326,67.9814,0.37031,0.12
633,07/08/2000 14:30:00,10.2899,82.942,65.1017,0.36,0.12
634,07/08/2000 14:45:00,11.2406,82.942,61.1602,0.34031,0.12
635,07/08/2000 15:00:00,11.9676,82.942,57.2542,0.32375,0.12
636,07/08/2000 15:15:00,12.4709,82.942,53.3836,0.31031,0.12
637,07/08/2000 15:30:00,12.7505,82.942,49.5484,0.3,0.12
638,07/08/2000 15:45:00,11.9466,83.3132,45.9088,0.29,0.12
639,07/08/2000 16:00:00,11.4923,83.437,42.1979,0.285,0.12
640,07/08/2000 16:15:00,11.3874,83.3132,38.4157,0.285,0.1252
641,07/08/2000 16:30:00,11.6321,82.942,34.562,0.29,0.1251
642,07/08/2000 16:45:00,13.8201,81.8676,30.2461,0.31688,0.1304
643,07/08/2000 17:00:00,15.2951,80.8495,26.1194,0.3375,0.1305
644,07/08/2000 17:15:00,16.057,79.8876,22.1819,0.35188,0.1305
645,07/08/2000 17:30:00,16.1059,78.982,18.4336,0.36,0.1306
646,07/08/2000 17:45:00,13.3867,78.1157,14.3601,0.34313,0.1306
647,07/08/2000 18:00:00,11.3245,77.317,10.8186,0.3325,0.1306
648,07/08/2000 18:15:00,9.91941,76.5857,7.80923,0.32813,0.1306
649,07/08/2000 18:30:00,9.17144,75.922,5.33191,0.33,0.1306
650,07/08/2000 18:45:00,10.5066,75.3257,3.82423,0.34938,0.1306
651,07/08/2000 19:00:00,11.5482,74.797,2.55688,0.3675,0.1306
652,07/08/2000 19:15:00,12.2962,74.3357,1.52988,0.38438,0.1319
653,07/08/2000 19:30:00,12.7505,73.942,0.74322,0.4,0.1348
654,07/08/2000 19:45:00,12.0515,73.9195,0.48774,0.41531,0.1359
655,07/08/2000 20:00:00,11.6321,73.762,0.27871,0.42875,0.1371
656,07/08/2000 20:15:00,11.4923,73.4695,0.11613,0.44031,0.1383
657,07/08/2000 20:30:00,11.6321,73.042,0,0.45,0.14
658,07/08/2000 20:45:00,13.1001,72.1757,0,0.455,0.14
659,07/08/2000 21:00:00,14.1486,71.377,0,0.46,0.14
660,07/08/2000 21:15:00,14.7778,70.6457,0,0.465,0.14
661,07/08/2000 21:30:00,14.9875,69.982,0,0.47,0.14
662,07/08/2000 21:45:00,14.1696,69.5882,0,0.47406,0.14
663,07/08/2000 22:00:00,13.3377,69.127,0,0.47875,0.14
664,07/08/2000 22:15:00,12.4919,68.5982,0,0.48406,0.14
665,07/08/2000 22:30:00,11.6321,68.002,0,0.49,0.14
666,07/08/2000 22:45:00,10.5066,66.8489,0,0.50125,0.14
667,07/08/2000 23:00:00,9.53494,65.9545,0,0.51,0.14
668,07/08/2000 23:15:00,8.71706,65.3189,0,0.51625,0.14
669,07/08/2000 23:30:00,8.05297,64.942,0,0.52,0.14
670,07/08/2000 23:45:00,7.56364,65.4145,0,0.5175,0.14
671,08/08/2000 00:00:00,7.21412,65.752,0,0.515,0.14
672,08/08/2000 00:15:00,7.00441,65.9545,0,0.5125,0.14
673,08/08/2000 00:30:00,6.9345,66.022,0,0.51,0.14
674,08/08/2000 00:45:00,7.42383,66.1064,0,0.49531,0.14
675,08/08/2000 01:00:00,7.77335,65.9545,0,0.48875,0.14
676,08/08/2000 01:15:00,7.98307,65.5664,0,0.49031,0.14
677,08/08/2000 01:30:00,8.05297,64.942,0,0.5,0.14
678,08/08/2000 01:45:00,7.77335,63.3726,0,0.53375,0.14
679,08/08/2000 02:00:00,7.49374,62.0395,0,0.565,0.14
680,08/08/2000 02:15:00,7.21412,60.9426,0,0.59375,0.14
681,08/08/2000 02:30:00,6.9345,60.082,0,0.62,0.14
682,08/08/2000 02:45:00,6.78071,59.812,0,0.6475,0.14
683,08/08/2000 03:00:00,6.54304,59.542,0,0.67,0.14
684,08/08/2000 03:15:00,6.22148,59.272,0,0.6875,0.14
685,08/08/2000 03:30:00,5.81603,59.002,0,0.7,0.14
686,08/08/2000 03:45:00,4.73951,58.3439,0,0.70281,0.14
687,08/08/2000 04:00:00,3.97056,57.9445,0,0.70375,0.16
688,08/08/2000 04:15:00,3.50919,57.8039,0,0.70281,0.3
689,08/08/2000 04:30:00,3.3554,57.922,0,0.7,0.3
690,08/08/2000 04:45:00,4.3061,58.5014,0.80161,0.69906,0.3
691,08/08/2000 05:00:00,5.03311,59.2045,2.01512,0.69375,0.3
692,08/08/2000 05:15:00,5.53642,60.0314,3.64055,0.68406,0.16
693,08/08/2000 05:30:00,5.81603,60.982,5.6779,0.67,0.14
694,08/08/2000 05:45:00,5.3267,62.6301,9.27402,0.63375,0.14
695,08/08/2000 06:00:00,4.97718,64.0195,12.5175,0.605,0.14
696,08/08/2000 06:15:00,4.76747,65.1501,15.4083,0.58375,0.1378
697,08/08/2000 06:30:00,4.69757,66.022,17.9464,0.57,0.12
698,08/08/2000 06:45:00,4.97718,66.6014,20.8078,0.57313,0.12
699,08/08/2000 07:00:00,5.2568,66.9445,22.8659,0.5775,0.12
700,08/08/2000 07:15:00,5.53642,67.0514,24.1207,0.58313,0.12
701,08/08/2000 07:30:00,5.81603,66.922,24.5722,0.59,0.12
702,08/08/2000 07:45:00,6.09565,65.932,21.2777,0.60188,0.1375
703,08/08/2000 08:00:00,6.37527,65.122,19.1418,0.6125,0.1376
704,08/08/2000 08:15:00,6.65489,64.492,18.1645,0.62188,0.14
705,08/08/2000 08:30:00,6.9345,64.042,18.3459,0.63,0.14
706,08/08/2000 08:45:00,7.52869,63.2995,20.4691,0.65,0.14
707,08/08/2000 09:00:00,7.91316,63.052,23.2288,0.66,0.14
708,08/08/2000 09:15:00,8.08792,63.2995,26.6251,0.66,0.14
709,08/08/2000 09:30:00,8.05297,64.042,30.6578,0.65,0.14
710,08/08/2000 09:45:00,7.28402,66.8489,39.4727,0.6,0.139
711,08/08/2000 10:00:00,6.65489,69.1045,46.1604,0.56,0.1302
712,08/08/2000 10:15:00,6.16556,70.8089,50.7207,0.53,0.12
713,08/08/2000 10:30:00,5.81603,71.962,53.1537,0.51,0.12
714,08/08/2000 10:45:00,6.04672,71.197,48.4456,0.5225,0.12
715,08/08/2000 11:00:00,6.12361,70.792,44.9527,0.53,0.12
716,08/08/2000 11:15:00,6.04672,70.747,42.675,0.5325,0.12
717,08/08/2000 11:30:00,5.81603,71.062,41.6123,0.53,0.1239
718,08/08/2000 11:45:00,4.5298,72.7326,43.93,0.50938,0.1394
719,08/08/2000 12:00:00,3.69094,74.0995,46.0193,0.4925,0.1396
720,08/08/2000 12:15:00,3.29948,75.1626,47.8803,0.47938,0.1398
721,08/08/2000 12:30:00,3.3554,75.922,49.513,0.47,0.14
722,08/08/2000 12:45:00,4.86534,75.8207,51.2288,0.47375,0.1402
723,08/08/2000 13:00:00,6.15157,75.787,52.5087,0.475,0.14
724,08/08/2000 13:15:00,7.21412,75.8207,53.3526,0.47375,0.14
725,08/08/2000 13:30:00,8.05297,75.922,53.7605,0.47,0.1347
726,08/08/2000 13:45:00,8.5423,75.922,52.8653,0.46,0.14
727,08/08/2000 14:00:00,8.89182,76.102,52.1122,0.45,0.14
728,08/08/2000 14:15:00,9.10153,76.462,51.5013,0.44,0.14
729,08/08/2000 14:30:00,9.17144,77.002,51.0326,0.43,0.14
730,08/08/2000 14:45:00,8.89182,78.3632,52.4208,0.41625,0.14
731,08/08/2000 15:00:00,8.6122,79.477,52.808,0.405,0.14
732,08/08/2000 15:15:00,8.33259,80.3432,52.1943,0.39625,0.14
733,08/08/2000 15:30:00,8.05297,80.962,50.5797,0.39,0.14
734,08/08/2000 15:45:00,7.77335,81.0464,46.3698,0.38813,0.12
735,08/08/2000 16:00:00,7.49374,81.0745,42.2219,0.3875,0.14
736,08/08/2000 16:15:00,7.21412,81.0464,38.1357,0.38813,0.1399
737,08/08/2000 16:30:00,6.9345,80.962,34.1114,0.39,0.14
738,08/08/2000 16:45:00,6.44517,80.8382,29.987,0.39406,0.14
739,08/08/2000 17:00:00,6.09565,80.647,26.0324,0.39875,0.14
740,08/08/2000 17:15:00,5.88594,80.3882,22.2475,0.40406,0.14
741,08/08/2000 17:30:00,5.81603,80.062,18.6325,0.41,0.14
742,08/08/2000 17:45:00,6.30536,79.8539,14.6999,0.41281,0.14
743,08/08/2000 18:00:00,6.65489,79.4545,11.2619,0.41875,0.14
744,08/08/2000 18:15:00,6.8646,78.8639,8.31863,0.42781,0.14
745,08/08/2000 18:30:00,6.9345,78.082,5.86999,0.44,0.14
746,08/08/2000 18:45:00,6.55003,77.0076,4.29928,0.4525,0.14
747,08/08/2000 19:00:00,6.23546,75.8095,2.9677,0.47,0.14
748,08/08/2000 19:15:00,5.9908,74.4876,1.87525,0.4925,0.14
749,08/08/2000 19:30:00,5.81603,73.042,1.02193,0.52,0.1442
750,08/08/2000 19:45:00,5.50147,70.8145,0.67064,0.57313,0.1552
751,08/08/2000 20:00:00,5.39661,68.902,0.38323,0.6175,0.1568
752,08/08/2000 20:15:00,5.50147,67.3045,0.15968,0.65313,0.1562
753,08/08/2000 20:30:00,5.81603,66.022,0,0.68,0.1553
754,08/08/2000 20:45:00,7.17917,65.527,0,0.68406,0.1534
755,08/08/2000 21:00:00,8.19278,65.032,0,0.68875,0.1452
756,08/08/2000 21:15:00,8.85687,64.537,0,0.69406,0.14
757,08/08/2000 21:30:00,9.17144,64.042,0,0.7,0.14
758,08/08/2000 21:45:00,8.19278,63.6482,0,0.70281,0.14
759,08/08/2000 22:00:00,7.49374,63.187,0,0.70875,0.14
760,08/08/2000 22:15:00,7.07431,62.6582,0,0.71781,0.1453
761,08/08/2000 22:30:00,6.9345,62.062,0,0.73,0.1453
762,08/08/2000 22:45:00,7.59859,61.1114,0,0.7575,0.1454
763,08/08/2000 23:00:00,8.19278,60.2845,0,0.78,0.14
764,08/08/2000 23:15:00,8.71706,59.5814,0,0.7975,0.14
765,08/08/2000 23:30:00,9.17144,59.002,0,0.81,0.14
766,08/08/2000 23:45:00,9.43008,58.7151,0,0.80719,0.14
